[{"x_position": 340.754, "y_position": 117.674, "z_position": 13.695}, {"x_position": 333.215, "y_position": 177.257, "z_position": 32.056}, {"x_position": 343.816, "y_position": 96.273, "z_position": 21.814}, {"x_position": 214.679, "y_position": 84.903, "z_position": 40.435}, {"x_position": 329.279, "y_position": 177.321, "z_position": 41.829}, {"x_position": 32.476, "y_position": 129.913, "z_position": 31.3}, {"x_position": 270.938, "y_position": 134.532, "z_position": 11.027}, {"x_position": 328.699, "y_position": 171.663, "z_position": 44.101}, {"x_position": 304.711, "y_position": 62.051, "z_position": 15.118}, {"x_position": 306.536, "y_position": 102.534, "z_position": 0.0}]