[{"msec": 1722, "subject": "subject_1", "trial": 2}, {"msec": 2961, "subject": "subject_2", "trial": 2}, {"msec": 406, "subject": "subject_1", "trial": 2}, {"msec": 1925, "subject": "subject_3", "trial": 4}, {"msec": 1631, "subject": "subject_2", "trial": 2}, {"msec": 2765, "subject": "subject_2", "trial": 1}, {"msec": 2870, "subject": "subject_3", "trial": 2}, {"msec": 1057, "subject": "subject_2", "trial": 2}, {"msec": 455, "subject": "subject_1", "trial": 4}, {"msec": 3080, "subject": "subject_1", "trial": 4}]